theta_deg,fixed_aim,oracle_aim,rl_aim,fixed_reach,oracle_reach,rl_reach,fixed_goal,oracle_goal,rl_goal,fixed_lat,oracle_lat,rl_lat
-22.9,22.813931019660338,21.279622070223,24.869819630134323,0.9815985623355422,1.000947656325856,5.581842895291043,0.0,0.0,0.0,0.4129069111634588,0.3898431263757638,2.587432340883703
-11.5,11.354775117043868,9.82046616760653,19.236673323482485,1.0440638835235778,1.0584452171656202,6.837884186142512,1.0,1.0,0.0,0.20966273390237236,0.18321461771888267,2.3861117904875533
0.0,0.1043807855725966,0.1043807855725966,8.233285277685733,1.0649056724096368,1.0649056724096368,7.219951298769812,1.0,1.0,1.0,0.0019400349303849568,0.0019400349303849568,1.0446926738206028
11.5,11.563536688189062,10.008691179986352,1.2480981230330541,1.0432930326409005,1.0514620391743543,7.951452102041893,1.0,1.0,1.0,0.21346546069260208,0.18556558598720937,0.17323723597955312
22.9,23.022692590805534,21.467847082602816,9.00268637523079,0.9800875919623195,0.9936366116769111,7.53797876703632,0.0,0.0,1.0,0.4164806921662203,0.39075988850276844,1.1942608431808823
