theta_deg,fixed_aim,oracle_aim,rl_aim,fixed_reach,oracle_reach,rl_reach,fixed_goal,oracle_goal,rl_goal,fixed_lat,oracle_lat,rl_lat
-22.9,22.813931019660338,21.279622070223,22.45576341423249,0.9815985623355422,1.000947656325856,5.976278505865977,0.0,0.0,0.0,0.4129069111634588,0.3898431263757638,2.4700515476388896
-11.5,11.354775117043868,9.82046616760653,19.519503800191575,1.0440638835235778,1.0584452171656202,6.782758621037962,1.0,1.0,0.0,0.20966273390237236,0.18321461771888267,2.404499537146562
0.0,0.1043807855725966,0.1043807855725966,8.152122462674305,1.0649056724096368,1.0649056724096368,7.112809580785092,1.0,1.0,1.0,0.0019400349303849568,0.0019400349303849568,1.018905214965032
11.5,11.563536688189062,10.008691179986352,0.8214202933206796,1.0432930326409005,1.0514620391743543,7.201166543792968,1.0,1.0,1.0,0.21346546069260208,0.18556558598720937,0.10324651618672494
22.9,23.022692590805534,21.467847082602816,9.668309381837382,0.9800875919623195,0.9936366116769111,7.2030341967357305,0.0,0.0,1.0,0.4164806921662203,0.39075988850276844,1.2271371255186354
